crudo_BPPD,agua_BAPD,presion_cabeza_psi,temperatura_cabeza_F,co2_gas_pressure_psi,calcio_ppm,magnesio_ppm,cloruros_ppm,sulfatos_ppm,alcalinidad_ppm,longitud_tuberia_pies,hierro_ppm,dosis_IC_ppm,mpy
51.3227904,1437.15721,88.0,98.0352725,4.4,1083.0,231.85,9311.0,10.0,528.0,2652.42,15.41,39.4364439,0.998794044
50.5126368,409.0273632,93.0,114.8,2.697,776.71164,322.2843,10223.0,10.5,268.0,2651.0,1.757563014,27.90841882,7.577549882
14.479992,1108.000008,60.0,104.0,3.6,1176.0,479.0,12257.0,5.0,74.42673090000001,2866.9,5.7,0.0,14.95569056
11.82412,755.97588,105.0,107.6,8.4,942.0,372.0,8853.0,5.0,463.0,3113.35,13.7,85.0,10.08854889
27.96064,639.03936,130.0,107.6,11.7,956.0,428.0,7072.0,5.0,269.0,2804.6,2.06,40.0,1.528931141
24.41439,976.58561,120.0,95.0,3.0,1803.35,259.84,9643.0,10.0,532.0,2754.53,6.3,35.26249877,6.848937745
5.86368,401.33632,0.0,101.7256575,0.0,245.6,256.68,15301.0,10.0,295.0,4035.3,4.01,0.0,0.820601455
16.472955,648.027045,106.0,100.4,12.72,1134.0,356.0,8841.0,5.0,449.0,3396.64,11.7,120.0,1.833481095
40.7156549,561.8543451,83.0,86.0,4.731,1402.73,692.6925,9880.0,5.0,475.0,2787.42,0.203,80.0,15.21648516
31.458328,829.941672,92.0,95.0,2.852,938.5,150.56,9404.0,10.0,582.0,2965.17,7.25,35.2386107,14.83451346
19.51642,233.48358,144.0,104.0,0.144,2909.0,670.0,16512.0,5.0,302.0,3428.0,13.5,0.0,1.290582289
85.2,1618.8,48.0,95.0,1.44,2745.343,340.27,13400.0,5.0,385.0,3789.64,0.85,95.13364148,15.33591319
40.15136,1043.84864,77.0,122.0,1.54,1359.0,349.0,10720.0,5.0,340.0,3499.78,1.16,0.0,12.5371739
10.85146,392.54854,80.0,104.0,16.0,1125.0,121.525,13215.0,10.0,483.0,2848.4,0.71,40.0,11.18483248
23.44,1148.56,126.0,100.4,6.3,881.716,861.7446757925009,9236.0,5.0,450.0,3109.34,21.96071422,37.60588444,5.221319545
69.5061418,973.0338582,104.0,114.8,8.32,901.755,303.8125,9001.0,8.9,512.0,2754.04,1.04,0.0,9.57908154
11.162918,892.717082,140.0,100.3599083,5.6,518.5,172.15,8568.0,10.4,502.0,3102.0,15.61,38.28531553,14.93809895
6.64073,564.35927,62.0,93.2,2.48,1529.0,166.0,9158.0,5.0,488.0,2779.28,28.5,110.0,5.817330158
66.4299,1328.5701,88.0,98.53391117,4.4,1083.0,231.85,9311.0,10.0,528.0,2652.42,15.41,38.87220867,7.120207445
30.71109,279.18891,159.0,89.6,1.59,804.0,440.0,12605.0,5.0,615.0,2609.78,0.6,32.0,0.760638773
20.5865,728.0135,135.0,111.2,2.7,1128.0,290.0,10840.0,5.0,428.0,3995.95,2.2,100.0,1.872523971
8.47296,432.82704,77.0,113.0,3.08,1019.0,487.0,13158.0,5.0,410.0,2854.6,4.1,80.0,6.315049216
64.51564,279.38436,145.0,92.48,5.3542,948.0,217.5,10954.0,3.83,767.3,2695.1,10.52,21.77263589,11.444
16.0704,151.3296,158.0,95.0,1.896,1135.0,148.0,13450.0,48.45274896636758,391.4,3924.0,4.135,15.38079211,1.041435274
67.907658,652.292342,80.0,104.0,8.0,1426.0,382.0,14667.0,5.0,694.0,2303.85,3.11,21.0,0.704322553
20.121132,724.278868,105.0,107.6,4.2,821.599,291.66,10414.0,5.0,531.0,2666.0,0.682,0.0,15.31665235
39.8097,707.7903,180.0,103.4075523,5.4,858.0,149.93,11299.0,10.0,577.0,3428.2,2.08,0.0,1.288605704
40.8573761,571.9726239,81.0,101.0864326,2.43,985.0,171.15,11580.0,10.0,348.0,3499.78,6.92,0.0,6.02769069
13.9986,406.0014,150.0,111.2,9.0,1081.0,315.0,7670.0,10.8,192.0,2507.29,1.99,27.0,1.404969158
2.941875,467.758125,123.0,104.0,1.353,1049.0,245.0,14600.0,5.0,381.0,3666.14,1.02,54.27863158,1.14684753
17.27003,360.62997,94.0,94.75637122,1.88,1436.0,222.94,11834.0,10.0,440.0,3813.35,11.74,43.0001499,0.523667424
2.712717,62.387283,66.0,100.6135196,2.9835,910.1603053,306.1647091,10252.24632,6.442082244,517.7652651,2277.0,4.632804197,45.0,6.817994021
20.169378,322.730622,107.0,89.6,8.56,1217.0,430.0,10850.0,5.0,75.3,3281.0,0.3,24.26666667,0.361339032
31.62094,625.77906,126.0,98.6,7.56,664.6266,403.07625,12003.0,5.0,650.0,2308.0,1.145018566,0.0,1.094727338
8.470806,660.629194,83.0,96.8,6.64,1152.0,374.0,11522.0,5.0,490.0,2787.42,21.2,0.0,15.38720317
0.0,558.0,92.0,104.0,4.6,1162.0,299.0,12417.0,5.0,477.0,3245.34,3.0,115.0,6.682928518
51.3812,1014.6188,169.0,95.06449047,3.38,2076.0,307.6,13624.0,16.93,797.2277740000007,2310.72,13.31,27.4750531,14.77299903
69.4243035,1596.625697,96.0,95.0,3.84,1050.0,255.6,9632.0,10.0,522.08,2861.91,11.47,41.48792956,15.13029846
28.4307948,1061.289205,82.0,107.6,3.28,941.833,291.66,9026.0,6.7,512.0,2837.97,0.44,0.0,3.737466628
67.222008,474.017992,134.0,97.33302245,8.04,903.0,152.65,10966.0,10.0,736.0,2595.5,8.77,20.22650901,9.998798583
0.0,308.5,55.0,96.8,1.1,1029.0,374.0,10110.0,5.0,459.0,2293.0,6.8,34.07194593,0.337328773
16.233658,324.666342,87.0,95.0,4.35,788.0,201.4,8633.0,10.0,642.56,2206.9,10.77,35.98885393,7.786
96.544,1303.456,83.0,104.0,13.28,922.0,435.0,9790.0,5.0,455.0,2813.29,1.24,0.0,15.74580082
22.701816,385.898184,146.0,93.2,4.38,1999.0,428.0,14024.0,5.0,439.0,2608.0,8.1,18.66666667,1.096000277
28.7546,503.2454,79.0,104.0,6.32,1061.0,459.0,10842.0,5.0,458.0,3164.5,17.4,60.0,0.509958853
33.88645,670.61355,0.0,109.4,0.0,1001.95,121.525,9059.0,5.23,546.0,2611.63,12.0,38.65174029,15.34149563
86.43,918.57,105.0,101.8770724,3.15,1202.0,224.25,12595.0,10.0,546.0,3221.0,2.14,0.0,0.851405093
12.463125,652.236875,140.0,104.0,1.4,1277.0,381.0,12154.0,5.7,296.0,4232.42,0.99,28.47681233,1.872590842
0.0,683.0,84.0,104.0,10.08,805.0,214.0,7939.0,6.9,566.0,2631.74,1.19,29.03141236,1.135461379
56.2928,875.7072,105.0,95.0,2.855,1380.0,292.7,11620.0,10.0,371.48,3711.84,7.41,29.09775215,7.712181397
29.79375,923.60625,120.0,99.43202117,7.2,881.5,216.48,10102.0,10.0,512.0,2754.53,43.42,0.0,5.646756363
118.43,1703.57,118.0,95.54,5.7852,632.0,143.5,7883.0,1.0,569.3,2604.0,1.89,36.95800265,15.1527192
21.47104,447.32896,121.0,107.6,10.89,961.872,279.5075,8218.0,5.0,497.0,2528.17,1.89,130.0,0.710299831
80.98664,1235.01336,89.0,114.8,7.12,921.794,546.8625,12492.0,5.0,448.0,2850.95,2.8,43.1470125,12.44350484
10.90614,150.09386,106.0,95.0,5.088,927.0,155.5,7916.0,10.0,461.84,3446.13,9.28,37.39616094,14.74095986
2.329353,81.520647,163.0,104.0,1.63,1106.0,323.0,9747.0,5.0,273.0,4155.49,7.2,0.0,5.421549023
38.12185,1276.87815,84.0,86.0,0.84,1522.964,559.015,10956.0,5.0,430.0,3567.03,0.568249073,38.05078643,9.168977927
32.86831,460.13169,109.0,93.2,2.725,1522.964,571.1675,9724.0,5.0,535.0,2505.0,0.557,32.95073206,5.000977408
23.3424,787.1576,100.0,111.2,4.2,881.716,267.355,10607.0,5.0,522.0,3107.8,4.41,17.72043389,0.810861994
134.7322495506841,135.872,155.0,95.0,1.55,1061.0,477.9,25470.21228500006,10.0,329.1,4081.0,7.25,1.392609923,0.07
9.90144,505.79856,51.0,94.41961347,1.275,1086.0,207.5,10320.0,10.0,547.0,2808.27,27.58,66.89969111,15.0105254
11.1197,1100.8503,88.0,104.0,5.28,1176.0,479.0,12257.0,5.0,74.42673090000001,2866.9,5.7,100.0,2.245463982
4.303736,753.396264,107.0,101.5381365,3.7217,1051.616973,320.404072,9960.096931,5.827969315,446.3273356,2944.38,4.30747036,80.0,9.198196312
4.965,745.035,180.0,113.0,5.4,1039.0,378.0,9581.0,5.0,403.0,3213.21,11.9,0.0,15.34643528
5.86936,440.13064,0.0,104.0,0.0,1058.0,333.0,9696.0,5.0,654.0,2934.16,11.0,26.0,15.28506814
64.6503,1508.3497,84.0,98.37460961,2.52,1122.5,204.68,11360.0,10.0,516.0,2638.62,9.62,39.8731338,15.24565511
34.49112,1609.50888,119.0,96.8,6.783,1462.847,413.185,9954.0,5.0,470.0,2604.0,0.416,90.0,5.514370732
80.50161,1046.49839,180.0,107.6,0.0,1310.0,332.0,10296.0,5.0,619.0,3036.1,6.02,0.0,1.115877705
18.194191,327.505809,106.0,89.6,8.48,1217.0,430.0,10850.0,5.0,75.3,3281.0,0.3,24.26666667,0.942540437
14.7375,1164.2625,120.0,95.0,3.0,1803.35,259.84,9643.0,10.0,532.0,2754.53,6.3,36.71401422,6.542819656
33.03628,691.759296,200.0,98.79972817,1.0,3254.3465780000006,440.0,25470.21228500006,10.0,192.0,4300.370038970001,5.36,17.59352268,0.521594421
22.565,46.5328999614856,98.0,97.66581032,1.47,1296.0,259.38,16320.0,10.0,460.0,2909.3,7.6,0.0,1.171103664
9.681153,309.828847,144.0,95.0,3.7105,2739.0,278.5,13975.0,10.0,321.28,3428.0,25.42,22.34718091,0.667570373
8.670648,706.729352,72.0,102.8189794,3.0779,971.5182374,315.4949968,9965.537133,5.77415842,474.8917548,2714.16,4.13069512,110.0,15.51694928
19.5862719,979.2037281,180.0,95.19848437,7.2,1249.0,253.25,8660.0,10.0,526.0,3563.06,14.7,37.97207781,13.29121981
33.65157,413.24843,102.0,95.0,3.06,1342.613,364.575,9500.0,5.0,565.0,2769.61,10.9,38.15913682,8.831580347
32.7904,377.0896,65.0,95.0,2.2032,1007.0,259.6,10065.0,10.0,502.0,3135.0,9.81,28.34391929,13.74746765
15.316422,867.983578,0.0,109.4,0.0,1001.95,121.525,9059.0,5.23,546.0,2611.63,12.0,0.0,1.63519851
15.037026,962.662974,148.0,100.4,4.44,1061.0,571.1675,8003.0,5.0,490.0,2758.0,5.876960295,90.0,0.606809909
3.09918,278.90082,138.0,104.0,8.28,1317.0,224.0,12900.0,5.0,337.0,3810.0,6.1,0.0,1.161275393
11.94046,191.05954,126.0,91.4,5.6661,1322.1,195.1,11139.0,8.84,693.0,2308.0,3.58,23.73705662,0.05
62.5308,1221.4692,52.0,116.6,2.236,641.248,413.185,10203.0,5.1,410.0,3161.26,0.565,38.27301711,999.9
24.70494,1457.29506,63.0,104.0,5.04,948.0,245.0,10500.0,5.0,468.0,2939.85,3.15,0.0,0.261020265
78.9143853,1017.575615,116.0,107.6,5.8,921.794,267.355,9392.0,5.0,493.0,2753.0,8.23,23.58691626,15.23263976
32.934,515.966,150.0,100.4,12.0,945.0,407.0,9869.0,18.1,564.0,3326.0,1.15,20.0,1.115492265
28.173761,774.726239,96.0,100.2165249,1.44,1787.5,222.58,14105.0,10.0,456.0,3220.2,3.1,0.0,0.567730689
24.47668,489.52332,40.0,107.6,3.535,661.287,279.5075,9700.0,5.3,489.0,2875.33,0.241783795,63.28929228,15.51798302
77.10295,1387.89705,101.0,100.4,3.535,902.0,392.0,10734.0,7.6,742.0,2285.09,5.4,50.0,1.45369607
42.21615,879.53385,82.0,107.6,3.28,941.833,291.66,9026.0,6.7,512.0,2837.97,0.44,108.749937,9.389196333
30.19374,683.60626,125.0,100.3274008,4.1782,1112.341152,323.0546766,10387.67333,6.491616487,442.2644041,3100.36,4.578909964,90.0,5.064681827
57.10716,770.89284,0.0,95.0,0.0,903.0,207.1,10258.0,10.0,430.0,2877.17,4.89,29.27037098,0.848473314
29.544972,738.655028,135.0,109.4,8.1,841.638,303.8125,9739.0,9.1,570.0,2852.0,0.624,0.0,0.845694227
61.552026,1923.0484929349507,146.0,111.2,1.46,1130.0,453.0,13965.0,5.47,357.0,3807.02,0.4,0.0,5.495105526
45.714,756.286,123.0,93.2,2.46,1098.0,380.0,10734.0,5.0,712.0,2128.01,5.9,80.0,13.02470945
77.1393,933.8607,126.0,111.2,3.78,1549.0,387.0,12240.0,5.0,354.0,4100.0,3.44,27.73213284,0.769454044
41.050815,762.449185,83.0,107.3131368,4.98,190.6,233.8,14424.0,10.0,582.0,3024.49,1.54,0.0,15.15291666
79.45548,162.34452,138.0,95.0,0.7088,3254.3465780000006,632.4,25470.21228500006,28.1,164.8,4300.370038970001,6.95,1.518329888,1.583
14.0448,983.4552,177.0,107.6,2.655,1764.0,630.0,11423.0,8.41,410.0,3626.7,3.9,36.8500284,1.194016562
0.0,574.0,105.0,111.2,2.1,981.911,291.66,10510.0,9.1,478.0,2983.0,7.81,70.9622675,5.465999058
12.496,875.004,111.0,96.8,5.55,1061.0,716.9975,10070.0,5.0,455.0,3614.0,0.265,90.0,15.29846414
32.974614,890.425386,121.0,100.4,3.63,1082.106,571.1675,8003.0,5.0,490.0,2758.0,5.876960295,39.16243978,12.29658847
42.2280008,1182.481999,58.0,114.8,3.48,1122.184,255.2025,9784.0,5.0,440.0,3250.27,0.461,0.0,4.869284533
77.17184,1234.82816,92.0,107.6,1.84,1042.028,352.4225,11667.0,8.0,541.0,2768.0,1.42,0.0,10.44828139
52.91488,1043.08512,121.0,94.60038856,0.484,1417.0,348.4,12440.0,11.0,605.0,2758.0,15.9,29.54599814,6.889705231
47.4625,1202.5375,43.0,100.4,1.591,980.0,309.0,11128.0,5.0,605.0,3140.94,0.4,40.0,0.916168746
31.809516,691.759296,80.0,96.8,4.8,913.0,368.0,12257.0,5.0,160.0,2703.9,0.0029700999999999374,0.0,5.898798239
25.545526,843.054474,113.0,118.4,3.535,1059.0,314.0,10878.0,5.0,420.0,3372.84,1.8,100.0,5.934189022
6.012045,691.759296,58.0,95.0,2.61,809.0,195.3,8852.0,10.0,662.64,2449.33,7.92,35.57070733,0.909
15.444,1388.556,131.0,100.1558358,0.262,321.2,202.52,16735.0,10.0,327.0,4105.0,7.44,31.66558268,5.046947617
39.7035,1310.2965,134.0,113.0,2.412,1451.22438,161.14215,13995.0,7.0,102.0,3469.8,4.165533429,0.0,1.273175591
105.0753354,1245.854665,93.0,95.0,2.79,1152.0,266.1,11347.0,10.0,552.2,2934.84,7.96,35.02385385,14.99724225
3.63297,551.86703,202.9108970000001,113.0,8.96,1372.0,328.0,10061.0,5.0,365.0,3322.02,1.88,17.44918898,0.957125762
28.148952,619.251048,146.0,107.6,2.92,1234.0,369.0,12802.0,5.0,460.0,3471.0,2.16,27.41896375,0.867582851
32.454888,679.275112,88.0,102.7274981,3.0674,1152.121072,325.5432416,11347.5936,6.487631022,415.9248092,3194.0,4.275958581,0.0,6.937516271
41.4882,667.7118,88.0,104.0,3.52,1520.0,402.0,13210.0,5.0,772.0,2674.0,5.12,25.05559616,0.364947404
26.34524,334.05476,97.0,95.0,3.5161,1055.0,229.3,10258.0,10.0,612.44,2811.9,4.78,30.97455703,0.161
91.4732,1868.5268,0.0,111.2,0.0,961.872,279.5075,8903.0,6.6,478.0,2407.7,0.725,36.54744634,1.278757914
13.54936,769.65064,93.0,100.4,3.255,841.638,291.66,10414.0,6.6,638.0,2566.32,0.603,50.0,9.708696794
5.11815,338.38185,47.0,104.0,7.52,1460.0,184.0,9444.0,5.0,280.0,3366.3,43.68198073000001,29.55194241,3.62556643
38.34,1239.66,98.0,99.28776218,5.88,1041.0,154.25,10760.0,10.0,432.0,2485.47,11.82,0.0,15.07171339
0.9306414,87.4493586,158.0,104.0,4.74,1050.0,343.0,9458.0,45.92727463,389.0,3924.0,1.866,0.0,1.232204725
33.0496155,1923.0484929349507,97.0,95.69500828,2.91,1062.5,235.58,11040.0,10.0,563.0,2285.2,18.31,0.0,0.812644108
82.52125,860.57875,90.0,95.0,2.25,1063.0,308.5,12010.0,10.0,692.76,3087.07,5.38,25.7860861,6.699117231
70.7445,526.2555,78.0,95.0,1.95,1661.0,203.0,10878.0,10.0,552.0,2647.0,7.1,23.39096216,14.78156833
46.796952,570.903048,83.0,94.0867487,0.0,2712.0,333.55,12681.0,15.58,680.0,1992.0,15.77,26.53744416,14.75581901
25.9854,345.2346,78.0,100.4,4.68,2069.0,246.0,14467.0,5.0,210.0,3513.52,28.8,25.27817713,15.41676676
37.05652,512.74348,117.0,100.9590698,9.36,1109.0,213.72,9724.0,10.0,501.0,3143.1,2.59,28.5566823,4.289803639
33.86314,1332.13686,105.0,87.8,4.2,961.872,607.625,10712.0,5.0,510.0,2689.0,5.029612028,43.42573332,1.609118789
51.66099,904.13901,115.0,104.0,1.725,1191.0,343.0,11200.0,7.7,373.0,3722.31,0.36,38.53606268,15.28625285
37.79826,904.80174,110.0,111.2,4.62,881.716,267.355,10607.0,5.0,522.0,3106.58,4.41,13.23173908,2.361060584
39.593649,514.706351,58.0,95.0,2.2339,270.0,154.7,8373.0,9.08,757.0,2449.33,5.16896682,33.60450208,5.403
12.445625,983.204375,98.0,99.18546404,5.88,1041.0,154.25,10760.0,10.0,432.0,2485.47,11.82,53.95076228,15.20934625
27.67941,317.02059,138.0,94.23780518,1.38,2329.0,254.06,15938.0,10.0,404.0,3654.5,14.32,73.13939525,1.40608816
26.0928,1332.9072,124.0,107.6,3.72,1105.0,248.0,9905.0,5.0,438.0,3566.99,3.04,100.0,6.020804523
9.20018,260.59982,65.0,96.8,1.3,1029.0,374.0,10110.0,5.0,459.0,2293.0,6.8,0.0,0.85541485
11.22685,732.27315,96.0,96.8,4.8,804.0,428.0,10340.0,9.02,508.0,2731.75,2.4,0.0,0.504083751
57.09848,730.90152,150.0,111.2,5.55,852.0,210.0,10296.0,5.0,430.0,3845.0,5.11,24.49978276,0.622551919
33.243948,148.556052,86.0,89.6,0.43,1611.485149,319.6600786,13129.8974,8.252647618,348.0895367,4195.67,6.922951755,0.0,0.648689595
9.5719474,47.4480526,115.0,89.6,4.6,1399.0,474.0,13295.0,5.0,610.0,3584.0,0.78,51.33333333,0.987017135
6.84432,575.15568,159.0,89.96,6.2451,1092.1,188.3,11528.0,1.0,767.3,2155.16,12.97,37.44561665,0.383
37.441832,1048.458168,82.0,95.0,5.74,1603.12,546.8625,10450.0,5.0,450.0,2853.53,13.4,130.0,1.836352532
30.3392,967.6608,108.0,87.8,3.24,1643.198,498.2525,12160.0,5.0,435.0,3035.0,0.607,115.0,3.307272532
26.57196,345.42804,59.0,104.0,5.31,848.0,245.0,10600.0,9.4,466.0,2863.14,3.4,100.0,6.929878639
51.68,84.32,72.0,94.1930394,2.52,2453.0,256.0,11437.0,10.0,574.0,3077.8,26.09,15.46501109,0.235706118
19.510453,663.389547,0.0,95.0,0.0,911.0,203.2,8284.0,10.0,552.2,2611.63,7.01,37.72003609,5.95
14.980686,743.919314,73.0,91.4,3.65,1162.262,826.37,9013.0,5.0,530.0,2808.87,0.781572716,120.0,0.705717252
50.0577,600.0423,107.0,100.4,12.84,987.0,474.0,11993.0,5.0,408.0,2412.8,8.3,60.0,0.886710516
30.38118,417.71882,87.0,95.0,4.35,788.0,201.4,8633.0,10.0,642.56,2206.9,10.77,33.95529898,1.209589857
33.520977,905.179023,70.0,98.6,5.6,1229.0,409.0,10644.0,5.0,439.0,3114.63,7.7,0.0,4.926459306
17.2407,1120.7593,73.0,103.012443,2.7551,999.8510427,315.5914254,10050.2583,5.800458969,458.7627418,2910.0,4.126360434,127.1118843,8.763217867
19.3583346,1219.971665,58.0,87.8,1.74,1322.574,861.7446757925009,9635.0,6.1,455.0,3357.0,2.961190311,80.09554184,15.26492812
16.29499,176.70501,170.0,95.0,1.53,1375.0,387.2,16247.0,21.9,473.8,3166.38,6.75,18.82168471,0.127823057
12.222796,403.377204,121.0,113.0,6.05,1014.0,430.0,11252.0,5.0,146.0,3338.0,9.3,0.0,7.454721084
61.155,120.045,101.0,95.0,3.03,1082.5,240.5,11127.0,48.45274896636758,440.7,3382.0,5.611846876,18.3191667,0.85
61.21972,608.58028,57.0,104.0,5.13,848.0,245.0,10600.0,9.4,466.0,2863.14,3.4,51.54477832,0.580135071
59.727393,474.172607,79.0,113.0,1.58,881.716,376.7275,11571.0,5.9,536.0,2873.15,0.353,23.25560116,0.362093218
36.4777315,465.0722685,48.0,104.0,1.92,861.677,315.965,9979.0,5.2,589.0,2535.0,0.626,35.85462594,15.23526417
109.3666,1227.6334,87.0,107.6,5.22,721.404,328.1175,11089.0,13.3,667.0,2326.28,0.945,25.81818287,8.782922242
45.20433,623.79567,105.0,111.2,2.1,981.911,291.66,10510.0,9.1,478.0,2983.0,7.81,32.43022056,1.409688758
50.9646,1631.0354,96.0,86.0,3.84,1162.262,619.7775,11655.0,5.0,505.0,2861.91,1.540618374,38.95561057,8.823790141
42.7248,847.3752,78.0,95.0,1.95,1661.0,203.0,10878.0,10.0,552.0,2647.0,7.1,31.47914385,14.9459081
8.204834,492.395166,85.0,113.0,3.4,1019.0,487.0,13158.0,5.0,410.0,2854.6,4.1,80.0,6.214487053
29.41252,292.38748,133.0,104.0,10.64,1290.0,321.0,9324.0,5.0,609.0,2608.0,3.41,33.78770696,0.595156171
55.59078,1181.40922,167.0,104.0,10.02,881.716,315.965,11571.0,9.4,575.0,2627.89,0.709,80.0,1.789617911
5.71872,362.28128,43.0,104.0,6.88,1460.0,184.0,9444.0,5.0,280.0,3366.45,43.68198073000001,23.76184267,15.44915627
39.819,981.181,115.0,109.4,4.6,988.0,399.0,7058.0,7.0,394.0,2541.45,2.67,100.0,5.338117672
32.2272,1086.7728,168.0,122.0,4.536,861.677,303.8125,9200.0,5.7,157.0,3790.01,1.812401549,0.0,6.22721644
59.03955,1239.96045,112.0,104.0,4.48,1723.354,425.3375,15428.0,19.4,454.0,2788.0,4.25,6.562436972,15.15599759
0.67626,114.92374,99.0,95.0,7.92,946.0,474.0,10439.0,5.0,797.2277740000007,2029.91,3.8,0.0,2.176921126
77.7991526,769.8708474,124.0,95.72,2.0818,1084.7,227.3,7931.0,1.96,454.96,3810.0,12.62,34.76452045,14.84586619
91.73292,789.46708,100.0,100.7814687,6.0,1883.0,163.18,18657.0,10.0,655.0,2735.0,2.21,0.0,6.042671366
30.619862,724.680138,85.0,97.75528583,5.1,1020.5,199.64,9310.0,10.0,577.0,2774.77,11.23,40.93931,2.335059712
33.656608,852.743392,93.0,89.6,1.86,2344.563,194.44,10070.0,5.0,330.0,3903.82,29.9,90.0,5.144369864
43.16598,571.73402,112.0,104.0,4.48,1370.0,121.525,12507.0,10.0,602.0,2830.8,1.96,0.0,0.371698119
52.08912,481.61088,65.0,101.2548193,8.45,916.0,240.35,10412.0,10.0,721.0,2465.63,2.95,21.33760047,0.097059801
57.521975,503.668025,90.0,104.0,0.9,1340.0,121.525,11923.0,10.0,536.0,3021.4,2.25,20.69310468,0.564209795
57.5572,720.2428,102.0,96.8,5.1,984.0,288.0,8332.0,5.0,395.0,2620.6,0.1,100.0,15.35429698
19.4064156,1164.633584,147.0,102.0915084,6.1587,1006.546664,327.3826832,10088.1936,6.245132502,499.1704593,2436.69,3.869438258,47.29201109,3.02838498
66.4704,1087.5296,163.0,98.68876289,9.78,136.0,296.05,10554.0,10.6,518.0,2879.0,5.85,29.9056756,13.5220657
13.3875,200.8125,0.0,91.4,0.0,1723.354,352.4225,10528.0,5.0,430.0,3210.26,4.36,29.62976304,1.526554857
39.46103,644.43897,126.0,99.33931074,5.04,934.5,209.13,10559.0,10.0,459.0,3324.11,11.18,39.42581493,4.827356366
55.92084,671.07916,57.0,95.0,1.8137,590.0,483.4,13219.0,10.0,442.9,3489.62,3.99,26.50210738,15.01347312
10.217484,725.382516,100.0,102.4500524,3.7669,1044.172674,317.5277973,10078.83543,5.735657506,440.1631099,2944.38,4.27827839,100.0,9.150562746
6.21375,490.88625,107.0,116.6,4.28,1308.14592,861.7446757925009,12407.0,8.7,90.4,3658.2,10.05865349,0.0,9.313547401
43.6308,1015.3692,120.0,96.8,6.0,933.0,430.0,11453.0,5.0,280.0,2471.34,0.0029700999999999374,0.0,15.57300346
6.75949,347.14051,70.0,95.0,3.2928,798.0,222.1,8852.0,10.0,566.5,2613.9,2.81,33.77349213,5.687459462
3.384686,169.215314,189.0,95.0,3.78,1663.0,430.0,17782.0,5.0,110.0,3629.37,2.1,0.0,1.631319987
57.96,1142.04,122.0,95.0,4.88,939.0,211.2,8671.0,10.0,612.44,2184.4,12.06,36.73670514,14.75248571
51.74504,1552.25496,79.0,104.0,3.535,1190.0,408.0,11027.0,5.0,466.0,3250.27,2.97,130.0,15.47928904
22.61644,1055.38356,53.0,107.6,3.18,1066.0,309.0,10279.0,5.0,550.0,3128.54,2.9,0.0,6.40832091
12.578784,440.221216,121.0,113.0,6.05,1014.0,430.0,11252.0,5.0,146.0,3338.0,9.3,0.0,1.952688066
35.16948,808.83052,110.0,95.0,3.41,707.0,246.1,9716.0,10.0,491.96,2714.17,23.77,36.65334139,6.457861635
44.582264,445.817736,194.0,98.49967362,5.82,1109.5,193.72,9941.0,10.0,621.0,2639.68,4.96,50.0,1.54913543
65.49205,1169.50795,91.0,98.6,3.64,961.872,595.4725,10334.0,5.0,500.0,2960.21,5.06707374,0.0,9.916192982
26.42462,244.87538,57.0,98.8216171,2.565,92.50937214999998,195.0,8929.0,10.0,348.0,2695.0,7.19,30.68864939,0.185318056
15.638436,453.561564,178.0,122.0,7.12,2459.0,379.0,14345.0,5.0,357.0,3732.15,5.0,30.12784153,0.565184812
62.9013,753.9987,114.0,99.61681508,6.84,1883.0,163.18,18657.0,10.0,655.0,2735.0,2.21,0.0,0.270870076
35.655732,800.744268,108.0,111.2,2.16,981.911,291.66,10510.0,9.1,478.0,2983.0,7.81,100.0,5.418632751
84.1717,1204.8283,112.0,104.0,4.48,1723.354,425.3375,15428.0,19.4,454.0,2788.0,4.25,63.9197147,7.383169028
57.491484,574.908516,176.0,97.27505145,10.56,1240.0,159.01,9920.0,10.0,467.0,2484.0,6.91,86.11996676,6.843318803
30.157838,461.012162,88.0,101.7574076,3.4163,1037.962226,306.1169392,11285.6492,7.180244859,478.0304964,2832.44,4.151537543,0.0,15.22010576
16.64116,1065.35884,122.0,95.0,4.88,939.0,211.2,8671.0,10.0,612.44,2184.4,12.06,39.01238103,0.27
76.11098,920.88902,104.0,101.2591699,2.6,2947.0,258.55,11156.0,10.0,410.0,3782.0,2.41,32.12226643,8.879727425
129.7849342,1297.835066,83.0,96.56705256,2.905,998.5,506.9,10514.0,10.0,524.0,2813.29,8.93,38.36641434,15.22596374
43.59992,747.40008,90.0,104.0,6.3,923.0,381.0,9998.0,5.5,339.0,2876.0,0.99,22.15796858,1.174013238
35.835125,501.664875,123.0,113.0,6.15,1289.0,340.0,7794.0,5.25,173.0,2667.76,1.5,35.0,0.305162039
40.660625,609.909375,118.0,107.6,14.16,920.0,327.0,10197.0,6.62,450.0,3050.44,10.12885514,22.87782864,2.408527438
50.003588,793.796412,125.0,104.0,10.0,975.0,243.0,10246.0,5.0,502.0,2890.0,5.3,80.0,9.006531357
65.603914,594.196086,108.0,95.0,1.8419,1323.3,403.7,15562.0,10.0,361.44,3726.0,8.55,24.79678229,0.94
17.5436584,1123.136342,122.0,104.0,6.1,747.0,306.0,10000.0,6.2,565.0,2184.4,7.2,55.81979247,15.41234566
43.3112366,1364.268763,109.0,91.4,6.431,1402.73,546.8625,8836.0,5.0,495.0,2825.0,0.335,38.29244823,6.563272274
86.1878,1319.8122,131.0,89.6,1.965,1723.354,315.965,10723.0,5.0,385.0,3505.1,0.518002807,80.0,6.465162847
28.3094,482.6906,113.0,104.0,2.486,1061.0,179.0,10096.0,5.09,345.0,4118.08,0.4,28.12810688,1.057387801
52.19375,782.90625,99.0,104.0,17.319606640000035,827.0,232.0,11400.0,9.1,440.0,3072.0,1.01,32.64645757,1.265301133
36.35324,999.64676,107.0,89.6,2.14,2444.758,401.0325,7600.0,5.0,315.0,3736.53,0.42,0.0,6.40832091
37.65,966.35,119.0,100.4,3.57,1000.0,251.0,9325.0,5.0,527.0,2690.3,3.0,0.0,1.723559088
10.266723,148.833277,125.0,93.2,17.319606640000035,1721.0,248.0,12732.0,5.51,502.0,2942.13,10.7,70.17846161,0.831356308
7.270445,581.429555,82.0,98.6828071,8.2,1104.0,155.06,10440.0,10.0,546.0,3031.0,11.78,0.0,15.00392707
45.45303,661.54697,64.0,104.0,4.48,1050.0,320.0,9869.0,5.0,455.0,2735.77,7.93,90.0,0.483844025
27.51654,990.48346,188.0,104.0,7.52,1017.0,285.0,13329.0,5.19,456.0,2862.0,1.6,85.0,5.993683782
39.0322848,975.8477152,104.0,101.6927003,2.6,2947.0,258.55,11156.0,10.0,410.0,3782.0,2.41,39.75216066,15.1471576
24.293,1675.707,116.0,104.0,2.436,989.0,269.0,10800.0,7.3,369.0,3710.84,1.1,0.0,-50.0
14.71355,500.28645,62.0,100.4,1.86,1081.0,353.0,9681.0,5.15,643.0,2465.63,0.22,48.0,1.13235057
100.0,1500.0,41.0,95.0,1.23,2745.343,340.27,13400.0,5.0,385.0,3789.64,0.85,115.0,12.13750218
56.74773,681.00227,95.0,94.46,4.4448,1062.7,160.3,8087.0,1.0,568.7,2704.74,3.94,33.40320833,0.093
15.040704,691.759296,90.0,95.0,5.4,881.716,729.15,10801.0,5.0,485.0,2617.5,7.662932589,58.28792514,15.37741711
45.6924,1462.3076,41.0,95.0,1.23,1061.0,340.27,13400.0,5.0,385.0,3789.64,0.85,115.0,7.497313296
38.9994366,1169.910563,125.0,95.0,6.25,706.0,133.2,7058.0,10.0,642.56,2541.45,8.92,40.86360142,14.80589268
54.5247261,763.3052739,86.0,95.0,0.86,821.599,704.845,10180.0,12.6,450.0,3277.0,3.851351964,56.51770218,14.97742305
9.41456,396.38544,105.0,107.6,4.2,821.599,291.66,10414.0,5.0,531.0,2681.0,0.682,60.0,8.353334652
34.700694,451.099306,133.0,93.2,0.399,862.0,499.0,13787.0,5.0,625.0,2389.3,0.2,31.10323012,0.870334877
15.46326,618.53674,103.0,104.0,0.515,860.0,242.0,12100.0,5.5,373.83,3252.0,1.74,0.0,6.059188523
45.542,409.878,150.0,95.0,4.5,872.0,205.0,10290.0,10.0,432.6,3845.0,5.755,20.93005911,0.17
134.7322495506841,237.168,155.0,95.0,3.535,3254.3465780000006,477.9,25470.21228500006,10.0,329.1,4081.0,7.25,4.238298096,0.09
50.7162,311.2838,87.0,95.0,2.1052,605.0,172.0,10118.0,26.42,444.4,2899.0,6.015708171,26.61007169,1.5
54.722916,684.077084,117.0,100.4,14.04,987.0,474.0,11993.0,5.0,408.0,2412.8,8.3,26.3852826,1.01071338
21.38121,296.31879,108.0,114.8,1.08,861.677,291.66,10414.0,5.0,444.0,3676.96,0.462,0.0,0.717192329
134.7322495506841,414.63765,70.0,104.0,10.5,807.0,294.0,11700.0,15.4,546.0,2112.29,1.18,34.38526644,5.030422558
25.12314,916.87686,147.0,95.0,2.94,1120.0,197.6,9600.0,10.0,401.6,3438.18,5.96,38.07069125,0.277
41.25303,683.24697,126.0,98.6,7.56,664.6266,403.07625,12003.0,5.0,650.0,2308.0,1.145018566,0.0,6.483021787
44.8819,634.1181,180.0,95.28863024,6.84,1474.5,453.65,15169.0,10.0,519.0,3036.1,7.74,20.5769358,0.291667386
8.41694,1010.58306,68.0,104.0,5.44,948.0,245.0,10500.0,5.0,468.0,2939.85,3.15,0.0,-50.0
30.4164616,861.8235384,99.0,104.0,1.089,928.0,196.0,9750.0,6.9,352.0,3466.48,3.7,0.0,15.32580124
8.63765,1286.36235,110.0,107.6,3.3,1061.0,248.0,9905.0,5.0,438.0,3566.99,3.04,0.0,1.081701918
47.0855,1175.9145,123.0,92.55058251,1.845,1547.0,453.95,10256.0,10.0,540.0,3008.29,13.04,35.58614574,1.479180305
84.7092624,822.6307376,93.0,113.0,4.65,715.3923,347.0754,10223.0,11.3,192.0,3177.0,14.19798845,77.53282615,15.63869695
63.336,1028.664,75.0,95.0,3.0,1230.0,236.6,9515.0,10.0,632.52,2867.0,12.89,34.71137337,14.90424879
54.739125,165.760875,108.0,107.6,2.16,987.0,347.0,13304.0,5.0,568.0,2961.66,2.34,14.47429409,0.91373859
0.79,46.5328999614856,140.0,101.3031253,3.5,119.9,196.6,16416.0,10.0,797.2277740000007,1992.0,0.15,0.0,1.410416152
2.38221,78.61779,103.0,101.3657701,3.4818,1076.16777,300.8908407,10975.809,6.705779098,438.3416825,2944.38,4.146177397,0.0,5.633708741
25.04862,598.05138,57.0,104.0,5.7,1039.0,365.0,7769.0,5.0,249.0,2873.25,0.19,100.0,1.508820108
24.070488,674.029512,142.0,104.0,9.94,910.0,343.0,8124.0,5.0,362.0,3104.0,0.0029700999999999374,60.0,1.132452614
28.693431,373.006569,125.0,96.49635338,0.625,1036.0,285.3,10724.0,10.0,437.0,3628.39,10.14,29.03311153,5.955577228
30.93781,428.76219,151.0,104.0,6.04,915.0,205.0,10146.0,8.66,516.0,2347.32,1.31,0.0,5.14292099
21.70968,729.49032,112.0,97.37130889,5.6,1214.0,162.1,10184.0,10.0,499.0,3200.5,7.54,0.0,9.491031435
26.35288,402.84712,100.0,100.4,4.0,997.0,478.0,7869.0,5.0,74.42673090000001,3462.51,1.799,60.0,5.162329155
33.04431,759.95569,78.0,96.23596669,4.68,1538.19364,466.41295,9275.0,5.3,74.42673090000001,2647.0,17.4,38.30752146,9.572715441
34.69722,589.80278,99.0,100.4211134,2.9208,1098.151682,285.4874258,10659.24145,7.222535944,453.1356528,3296.42,4.511472287,50.0,0.921783244
0.0,552.1,167.0,111.2,1.67,1226.0,297.0,11267.0,5.0,381.0,4021.86,7.44,35.81801259,12.79464251
78.125,546.875,0.0,94.47072464,0.0,888.0,522.65,10193.0,10.0,609.0,2714.29,43.68198073000001,25.20800319,5.906
37.76772,453.23228,59.0,116.6,2.36,1021.989,182.2875,8742.0,5.0,561.0,2970.79,5.26,79.75120843,15.1604516
58.98312,1069.01688,185.0,95.0,11.1,864.0,486.0,11227.0,5.0,660.0,2383.9,13.9,0.0,1.232204725
30.725964,68.454036,167.0,101.1746734,4.175,3024.0,302.6,16060.0,10.0,345.0,4124.3,3.38,11.10713481,0.33
33.0786,1139.9214,102.0,104.0,2.04,1034.0,418.0,11105.0,5.0,240.0,2890.3,11.1,44.75878006,6.472761939
17.943068,1434.936932,133.0,113.0,6.65,1061.0,194.44,8820.0,5.0,474.0,2631.2,3.76,90.0,5.706910121
65.157435,691.759296,165.0,116.6,6.6,1071.0,290.0,12164.0,5.0,447.0,3301.0,1.0,24.57595071,1.141327966
24.1408,1287.8592,88.0,104.0,5.28,767.0,330.0,10200.0,5.0,423.0,2652.42,7.87,0.0,15.7127396
33.074672,122.125328,50.0,94.52854561,0.75,1528.0,423.2,18663.0,10.0,434.0,2398.0,12.34,16.92719589,1.1090553
19.76844,494.23156,104.0,89.6,2.08,2344.563,194.44,10070.0,5.0,330.0,3903.82,29.9,89.12099339,0.948465722
25.125624,198.074376,101.0,107.6,2.02,873.0,428.0,8168.0,7.17,595.0,2755.0,0.18,23.60056193,0.952746354
73.58505,840.51495,75.0,111.2,4.5,858.47076,322.2843,10025.0,11.7,202.0,2910.0,16.90609573,30.41697983,15.62872558
16.12809,1072.87191,106.0,111.2,3.18,1730.0,374.0,15699.0,5.0,373.0,3460.33,5.3,29.31677054,0.555554753
3.915113,46.5328999614856,68.0,86.0,0.34,2605.07,461.795,10830.0,5.0,170.0,4102.81,8.18,0.0,0.47285432
5.01061,445.98939,145.0,104.0,2.9,1420.0,258.0,13462.0,5.0,74.42673090000001,3619.73,12.5,80.0,0.646777082
87.839,428.861,52.0,107.6,2.08,1282.496,401.0325,13966.0,12.7,449.0,3451.0,0.381,9.5514964,1.164314657
12.241177,134.658823,100.0,96.81918186,1.0,507.5,228.53,11994.0,10.0,637.0,2270.1,4.46,22.15940657,0.222261201
35.4915969,1923.0484929349507,96.0,86.0,3.84,1162.262,619.7775,11655.0,5.0,505.0,2861.91,1.540618374,40.1696425,0.57250421
20.15375,330.34625,55.0,89.6,4.4,840.0,409.0,9060.0,7.92,613.0,2556.8,5.73,30.0,2.696084305
21.685068,498.714932,92.0,95.0,5.52,839.0,414.0,11621.0,5.0,580.0,3300.38,0.0029700999999999374,0.0,1.250450181
22.20859,396.82141,147.0,104.0,8.82,721.404,303.8125,7790.0,5.0,609.0,3036.1,0.224,31.81549024,0.557547179
37.00644,638.29356,190.0,122.0,13.3,956.0,441.0,10061.0,5.0,623.0,1992.0,4.033,0.0,5.896252361
11.39189,528.50811,77.0,96.8,4.62,1024.0,318.0,9165.0,5.0,389.0,2766.52,0.27,80.0,7.450857759
46.00927,552.29073,83.0,94.04172493,0.0,2712.0,333.55,12681.0,15.58,680.0,1992.0,15.77,26.32208415,14.74839325
23.781668,808.618332,111.0,101.2475078,3.2123,1169.509741,330.3161642,10430.40936,6.070271739,410.5022772,3309.85,4.42544799,100.0,5.003285817
40.62698,682.27302,176.0,99.62721228,5.28,1148.0,429.65,10714.0,10.0,646.0,2484.0,1.83,29.23403902,1.095348284
17.179141,584.120859,82.0,96.23122101,2.87,2702.0,260.2,10634.0,10.0,563.0,2709.87,43.68198073000001,36.22740519,8.147826449
80.40402,1125.59598,93.0,95.0,3.72,872.0,185.3,8306.0,10.0,471.88,3177.0,20.6,38.64979985,9.148660782
37.45857,789.44143,71.0,91.4,3.535,1162.262,826.37,9013.0,5.0,530.0,2808.87,0.781572716,0.0,10.03986903
36.84375,1142.15625,202.9108970000001,104.0,6.873,1021.989,364.575,12053.0,15.2,473.0,2374.11,0.798,28.09534763,0.411782149
0.0,404.8,52.0,89.6,2.08,1322.574,861.7446757925009,9635.0,5.0,510.0,3085.9,2.530231955,0.0,1.13968381
42.528,1286.472,112.0,95.0,4.48,2985.0,166.4,7544.0,4.0,474.7,3200.5,6.340859752,45.81014936,15.23306954
10.93704,355.46296,150.0,100.4,2.4,981.911,194.44,11252.0,5.0,400.0,3761.08,3.6,0.0,1.186888105
1.663728,88.756272,141.0,104.0,4.23,1135.0,121.525,12215.0,10.0,545.0,3672.35,14.9,89.96905437,5.087729023
28.8834,180.4166,154.0,95.0,3.08,1663.0,430.0,17782.0,5.0,110.0,3629.37,2.1,0.0,0.931046041
33.9141441,915.7958559,73.0,104.0,2.92,1062.067,291.66,9686.0,5.0,454.0,2617.48,1.2,58.6847244,8.987966035
6.635847,86.264153,176.0,104.0,1.76,1420.0,125.68,18218.0,14.7,488.0,3166.38,5.94,26.77649739,0.6076575
22.300895,602.199105,140.0,107.6,11.2,1312.3695,183.616875,12927.0,18.6,279.0,2617.43,4.615410756,16.42542471,0.828683136
31.0120928,341.1479072,110.0,103.6590348,11.0,109.15,184.75,9912.0,10.5,556.0,2919.31,2.18,23.75204634,2.8664639
28.054736,392.745264,49.0,101.7417904,0.245,869.0,213.18,7058.0,10.0,412.0,3407.94,2.38,33.79215412,1.203548801
51.84562,1207.15438,51.0,104.0,1.02,1058.0,321.0,9910.0,10.5,683.0,2538.0,6.6,36.27400726,5.025562246
68.409485,912.090515,170.0,122.0,2.55,92.50937214999998,534.71,8805.0,5.0,500.0,2595.16,0.413,0.0,1.715921456
30.95792,691.759296,115.0,95.0,1.15,316.0,318.0,9573.0,10.0,422.3,3951.32,0.312,40.94243998,0.90531405
40.19656,783.50344,85.0,100.4,2.9101,872.7,156.9,8121.0,4.25,643.5,2750.9,5.03,37.56083899,0.461
39.12,938.88,90.0,87.8,3.6,961.872,607.625,10712.0,5.0,510.0,2689.0,5.029612028,120.0,999.9
54.5105,880.4895,72.0,103.0963767,4.32,797.0,154.7,10399.0,10.0,584.0,2191.45,3.87,28.87832387,6.289542971
14.394506,379.005494,119.0,100.4,3.57,872.0,264.0,10833.0,5.0,500.0,3951.32,0.6,36.13363838,1.362044479
43.872101,940.027899,0.0,100.4,0.0,1000.0,251.0,9325.0,5.0,527.0,2690.3,3.0,0.0,15.3491679
18.5913,662.4087,65.0,93.69845172,0.975,3254.3465780000006,392.2,9866.0,10.0,469.0,2778.26,8.95,39.73720048,14.1731548
49.6503,589.3497,78.0,95.53145816,4.68,1538.19364,466.41295,9275.0,5.3,74.42673090000001,2647.0,17.4,33.59676781,11.81397266
72.3744,1363.6256,96.0,96.8,1.92,1431.0,416.0,13851.0,8.72,400.0,2981.7,7.9,30.2548243,0.417523915
43.9428637,615.1671363,104.0,96.62,3.6889,1356.1,133.8,7058.0,1.0,495.0,3096.1,2.69,37.19318873,15.12460615
50.062195,584.037805,109.0,104.0,3.27,1061.0,333.396,13600.0,5.0,432.0,3908.6,0.45,50.0,1.348923418
47.7015,1191.2985,125.0,95.0,6.25,706.0,133.2,7058.0,10.0,642.56,2541.45,8.92,40.50810447,14.81399066
130.653,1894.347,148.0,92.69513571,3.404,3233.0,249.8,10594.0,23.54,604.0,2452.22,18.08,32.30738965,5.169201081
15.16,363.84,80.0,96.8,4.8,1024.0,318.0,9165.0,5.0,389.0,2766.52,0.27,69.55240742,15.52145498
6.252498,869.447502,69.0,102.8840489,2.9381,972.9376193,318.6317123,9936.272696,5.649396561,471.4403217,2714.16,4.186417616,110.0,15.55846134
10.372646,171.827354,105.0,86.0,5.25,1420.0,258.0,14065.0,5.0,200.0,3064.0,0.0029700999999999374,60.0,1.997051274
3.5177921,94.9922079,70.0,106.1432757,7.7,1009.0,208.92,10978.0,10.0,663.0,2497.5,2.33,0.0,1.986166356
38.5065,731.6235,92.0,95.0,2.852,938.5,150.56,9404.0,10.0,582.0,2965.17,7.25,33.68994171,14.79657816
29.698,218.302,89.0,95.0,5.34,681.326,534.71,7166.0,5.0,545.0,2779.1,5.09604881,0.0,2.229910985
24.4925,460.5075,89.0,90.86,3.4589,1178.1,158.3,8160.0,1.0,470.3,2766.52,14.95,38.86537816,0.572
21.84396,46.5328999614856,60.0,94.02154282,3.0,1257.0,231.1,11757.0,10.0,559.0,2532.23,7.44,21.68080992,0.395380701
30.335305,470.164695,53.0,107.6,1.113,1247.0,340.0,7620.0,5.08,461.0,3196.86,0.84,90.0,11.83158098
25.5949,683.4051,111.0,101.9153982,8.88,1109.0,213.72,9724.0,10.0,501.0,3493.0,2.59,23.33333333,1.708399545
20.4828,1331.5172,44.0,104.0,1.32,1128.0,304.0,10840.0,5.0,540.0,3177.67,4.2,130.0,15.44667785
125.22097,1001.77903,145.0,95.72,5.6513,461.4,129.9,7809.0,3.13,668.3,2463.69,3.17,31.17733187,14.85500521
24.2333448,336.0066552,93.0,100.4,13.02,1168.0,323.0,9998.0,5.0,236.0,3463.68,0.67,0.0,12.26094619
33.94794,701.65206,140.0,93.69157503,0.42,1514.0,476.1,10880.0,10.0,423.0,3903.82,43.68198073000001,29.88297236,10.43138063
29.85444,178.04556,100.0,113.0,7.0,1081.0,403.0,10260.0,5.0,441.0,2878.1,1.0,0.0,1.035364926
42.16245,1222.83755,121.0,94.75679853,0.484,1417.0,348.4,12440.0,11.0,605.0,2758.0,15.9,31.16167218,3.796472187
24.91008,623.78992,65.0,104.0,3.25,886.1688,244.215,9692.0,8.06,400.0,2778.26,3.468493533,55.86664792,6.410859073
22.243048,622.856952,100.0,104.0,3.4,726.0,355.0,13600.0,5.0,528.0,2895.61,15.1,70.0,5.155402
6.76508,122.73492,71.0,105.4957733,7.81,1009.0,208.92,10978.0,10.0,663.0,2498.0,2.33,0.0,1.275662262
56.38968,1027.61032,130.0,107.6,5.07,878.91054,347.0754,11216.0,6.6,167.0,2541.2,3.203243288,30.7100956,6.069964098
35.0142,835.9858,60.0,96.8,9.6,1024.0,397.0,10394.0,5.0,522.0,2687.05,4.1,70.0,15.38508761
32.8133,1085.1867,72.0,104.0,2.88,1066.0,314.0,11027.0,5.0,503.0,3330.34,5.6,85.42133058,9.688070514
76.8515,315.6485,113.0,89.42,1.9298,2146.1,357.2,17062.0,3.68,439.45,3309.85,26.11,13.56135175,9.318
2.309002,46.5328999614856,140.0,97.63518767,5.6,3254.3465780000006,155.19,25470.21228500006,10.0,347.0,2837.0,10.23,0.0,1.321310438
22.987816,321.812184,113.0,107.6,3.39,1128.0,318.0,11774.0,5.0,428.0,3292.93,3.5,74.66666667,1.909408148
35.46844,496.53156,100.0,107.6,4.0,921.794,243.05,11729.0,5.0,501.0,3237.16,8.67,70.0,3.317340517
70.0252,1175.9748,89.0,95.0,2.67,848.5,215.55,9203.0,10.0,522.08,3330.34,22.11,36.09259765,14.9641294
56.59875,1452.70125,47.0,96.99715842,1.88,1246.0,229.44,10212.0,10.0,475.0,2920.58,8.03,0.0,7.639923882
17.09554,113.50446,155.0,100.4,3.1,1389.0,433.0,9797.0,6.36,477.0,3929.86,12.8,110.0,2.38641302
32.608125,529.891875,130.0,93.2,13.0,839.0,459.0,9947.0,5.0,480.0,2484.0,2.32,90.0,2.696084305
48.61064,1069.38936,102.0,122.0,0.612,1819.14042,247.911,18958.0,11.4,121.0,4300.370038970001,17.6638045,32.65677412,15.47150719
26.21272,99.38728,144.0,95.0,2.16,2297.0,519.6,13410.0,10.0,236.9,3929.86,6.75,15.51487293,500.0
33.167673,447.732327,157.0,95.0,9.42,864.0,486.0,11227.0,5.0,660.0,2383.9,13.9,21.91234245,1.643419291
4.430835,709.069165,140.0,104.0,2.8,1339.0,157.0,10797.0,7.73,290.0,3844.87,10.01385136,0.0,5.555223185
46.28016,1249.71984,131.0,95.0,2.3876,823.0,191.7,9136.0,10.0,371.48,4002.0,4.66,38.23626066,2.424854734
17.23176,666.56824,0.0,122.0,0.0,1287.70614,446.2398,12705.0,6.7,142.0,3458.63,5.694812231,0.0,2.337809903
13.53615,691.759296,85.0,101.0116907,4.0281,965.758315,317.9851489,10857.09999,6.969306374,520.5776094,2198.6,4.353551825,30.0,5.082164013
45.25362,1040.74638,125.0,93.2,11.25,1162.262,510.405,9203.0,5.0,555.0,2839.0,8.267968983,120.0,7.139232661
23.149074,578.750926,202.9108970000001,103.0928226,6.3,858.0,149.93,11299.0,10.0,577.0,3428.2,2.08,0.0,1.909035581
91.035054,1089.704946,180.0,95.0,2.7,1442.808,291.66,8193.0,5.0,555.0,3563.06,0.454,106.7579278,5.92642101
24.375648,200.824352,0.0,107.6,3.535,1465.0,384.0,11306.0,5.54,530.0,3461.91,6.5,0.0,1.177053649
5.825822,553.274178,98.0,96.51101643,0.196,1141.5,219.0,11044.0,10.0,468.0,2674.49,33.38,50.0,14.99294891
50.7024,957.2976,131.0,107.6,11.79,1047.0,289.0,11352.0,6.9,401.0,3369.17,2.74,0.0,1.003075747
46.2757,507.9243,105.0,103.6699092,4.2,1064.5,215.18,11217.0,10.0,508.0,2837.34,1.96,23.07209119,0.873615166
13.62288,1110.37712,130.0,96.8,3.9,1095.0,356.0,12458.0,5.0,240.0,2541.2,2.8,0.0,7.281718913
28.179,1098.981,64.0,114.8,2.176,1103.74812,247.911,10819.0,10.9,157.0,2659.45,16.99730142,111.4055993,15.5792532
75.0772,1167.9228,110.0,105.8,8.8,902.0,231.0,7382.0,5.0,612.0,3041.0,1.23,24.74390596,1.24747999
99.2015078,1923.0484929349507,126.0,95.0,6.3,845.0,247.8,8671.0,10.0,694.76,2478.92,12.63,36.82569095,0.79
31.56064,954.70936,0.0,107.6,0.0,781.521,279.5075,7762.0,9.0,594.0,2877.17,0.621,34.20034842,0.602167033
7.6875,238.3125,116.0,96.12092062,2.9,2466.0,254.75,14446.0,10.0,443.0,2338.0,43.68198073000001,24.10957377,0.283713264
21.06,1031.94,120.0,95.0,3.0,1803.35,259.84,9643.0,10.0,532.0,2754.53,6.3,35.77242839,14.81480529
51.377998,46.5328999614856,202.9108970000001,95.0,1.03,3220.0,487.2,23321.0,4.0,191.9,3882.0,5.596304508,3.190161076,0.19
47.72604,811.27396,170.0,107.6,17.319606640000035,1239.0,133.0,11197.0,5.71,330.0,3561.16,10.41741008,38.1795885,9.595523104
118.63518,1700.36482,54.0,103.9941452,3.24,175.0,211.7,9711.0,10.0,441.0,3177.67,4.42,34.07886012,11.0771961
0.0,701.45,39.0,95.18,1.2471,542.0,125.4,7290.0,3.69,594.0,2647.0,7.18,47.65918268,6.39
49.319,1605.681,117.0,104.0,4.68,1097.0,276.0,10653.0,5.0,531.0,2435.0,4.8,100.0,15.34013231
44.01965,500.98035,48.0,104.0,1.92,861.677,315.965,9979.0,5.2,589.0,2535.0,0.626,0.0,6.479258316
21.6805938,732.6894062,145.0,95.0,11.6,741.443,692.6925,8977.0,5.0,550.0,2964.0,5.947275335,103.1028147,7.586833455
21.93576,690.26424,125.0,97.02409159,6.25,1214.0,162.1,10184.0,10.0,499.0,3196.45,7.54,0.0,1.570806436
41.2335,1267.7665,57.0,111.2,2.85,1001.95,291.66,9099.0,5.0,512.0,2613.9,1.6,80.0,1.147507726
22.40835,467.39165,115.0,100.4,3.45,872.0,264.0,10833.0,5.0,500.0,3951.32,0.6,0.0,3.615146094
23.7832,844.2168,138.0,104.0,6.9,821.599,255.2025,10799.0,9.1,667.0,2459.35,0.627,30.55752663,5.122057214
113.7850074,967.2049926,102.2,95.0,0.9198,865.0,239.2,10258.0,10.0,552.2,2435.0,10.79,29.91148233,7.702
58.08958,631.81042,95.0,107.6,3.8,761.482,206.5925,11764.0,5.0,700.0,2571.5,2.49,23.25564934,2.263719787
25.39375,787.20625,124.0,101.8725638,2.48,980.0,146.2,11366.0,10.0,611.0,3166.0,2.13,45.0,1.043130887
48.83148,1294.16852,96.0,107.6,3.84,1120.0,291.0,11414.0,5.76,381.0,2638.62,1.99,121.7168154,0.592009668
121.87769,648.62231,145.0,104.0,2.9,1686.0,511.0,12999.0,5.0,527.0,3615.86,5.9,17.41509137,2.658914493
38.5792862,446.4507138,153.0,111.2,3.06,1867.0,528.0,20394.0,5.0,263.0,3989.74,1.9,0.0,15.12174941
32.56965,658.93035,170.0,95.0,7.7479,339.0,414.6,7370.0,10.0,473.8,2949.48,2.88,35.15995099,9.98
23.9543404,718.5856596,138.0,93.2,6.21,1442.808,279.5075,8997.0,5.0,480.0,2982.0,0.662,34.75307396,0.49296588
114.1635,1772.8365,48.0,95.0,1.44,2745.343,340.27,13400.0,5.0,385.0,3789.64,0.85,0.0,1.24830888
36.163,687.097,140.0,100.0907032,7.0,864.5,194.4,9551.0,10.0,460.0,2606.0,5.16,31.43767711,3.554415236
29.7281068,571.8118932,67.0,95.0,1.2979,1130.0,225.4,10139.0,10.0,311.24,4300.370038970001,13.11,44.4908107,1.048194799
69.674501,1440.065499,88.0,98.59822867,4.4,1083.0,231.85,9311.0,10.0,528.0,2652.42,15.41,39.29262327,15.2590938
8.35692,420.64308,118.0,98.6,4.2682,856.0,221.2,8049.0,1.57,297.0,2620.6,21.33,43.32240739,15.2107611
28.9989864,753.9110136,146.0,96.80520081,2.19,974.0,221.54,8026.0,10.0,540.0,3343.18,9.92,35.52228269,0.531744366
22.47306,1123.52694,96.0,104.0,3.264,726.0,355.0,13600.0,5.0,528.0,2895.61,15.1,22.51482777,0.68433188
20.396875,632.303125,107.0,104.0,5.35,1162.0,299.0,12417.0,5.0,477.0,3246.72,3.0,0.0,14.82209898
17.83782,333.16218,74.0,100.4,4.44,2069.0,246.0,14467.0,5.0,210.0,3513.52,28.8,60.0,2.837896564
27.86,250.74,130.0,95.0,7.8,1061.0,534.71,7166.0,5.0,545.0,2779.1,5.022273149,0.0,14.85547464
45.7638,1668.2362,118.0,96.8,6.726,1462.847,413.185,9954.0,5.0,470.0,2604.0,0.416,90.0,6.998081358
46.48262,837.21738,67.0,98.96,2.0093,1153.4,177.0,9326.0,1.0,517.0,3366.43,22.77,35.7854822,15.18157121
0.0,354.86,109.0,96.45792798,1.635,2040.0,185.4,10133.0,10.0,467.0,3696.6,37.66,37.71740687,0.75949517
21.495342,125.904658,92.0,122.0,5.52,1871.0,385.0,13078.0,5.7,384.0,4031.63,0.74,15.43179021,0.259789028
69.7422,62.2578,60.0,104.0,1.8,961.872,861.7446757925009,14293.0,5.0,731.0,2190.82,8.16,69.3668226,1.02089689
10.938906,973.661094,128.0,95.0,1.92,1442.808,291.66,8193.0,5.0,555.0,3563.06,0.454,120.0,14.90003043
14.6696,865.3304,124.0,95.0,8.68,1242.418,704.845,9713.0,5.0,505.0,2612.3,1.818310753,50.0,0.941338217
14.225328,162.574672,158.0,95.0,1.896,1135.0,148.0,13450.0,48.45274896636758,391.4,3924.0,4.135,16.5182051,0.251629047
68.565,845.635,138.0,100.4,2.76,1686.0,333.0,10907.0,5.0,556.0,3033.0,2.9,33.64196264,14.98199554
17.58685,1037.41315,115.0,104.0,1.15,1237.0,319.0,12418.0,5.0,95.2,3562.42,18.3,29.91317917,0.963600813
17.847858,481.952142,165.0,95.0,2.842,670.0,161.1,7841.0,7.2,292.9,3743.0,5.389519185,35.50928383,0.301
66.9363,974.0637,105.0,122.0,4.2,92.50937214999998,215.18,11217.0,10.0,508.0,2837.34,1.96,0.0,1.291347418
17.716226,314.483774,163.0,96.8,1.63,1229.0,397.0,13827.0,5.0,502.0,3952.0,8.6,35.0,0.714465813
29.8659,851.1341,148.0,100.4,4.44,1342.613,595.4725,9236.0,5.0,435.0,3308.5,0.502988391,29.36130632,2.133445371
31.376076,454.923924,114.0,104.0,4.56,963.0,244.0,7868.0,5.0,614.0,2670.9,25.3,0.0,14.80294808
82.710139,775.189861,83.0,100.4,8.3,845.8884,427.3155,14670.0,5.37,625.0,1992.0,18.16349699,88.45548426,15.19357762
75.4029,707.5971,95.0,107.6,3.8,761.482,206.5925,11764.0,5.0,700.0,2571.5,2.49,22.14411159,1.041915181
41.9507571,565.2392429,93.0,107.6,8.37,1061.0,372.0,12724.0,5.0,630.0,2616.0,4.22,0.0,0.850323095
13.35124,1134.64876,134.0,98.74566599,0.268,321.2,202.52,16735.0,10.0,327.0,4105.0,7.44,130.0,9.861781309
14.84556,371.15444,160.0,95.0,1.6,3254.3465780000006,352.4225,14740.0,5.0,390.0,3150.61,0.574,100.0,0.248667108
16.385586,589.814414,106.0,107.6,9.54,961.872,279.5075,8218.0,5.0,497.0,2528.17,1.89,130.0,7.197365505
20.74668,975.25332,133.0,113.0,6.65,921.794,194.44,8820.0,5.0,474.0,2631.2,3.76,86.44265583,6.390152602
21.9573,765.0427,92.0,91.4,5.428,1402.73,546.8625,8836.0,5.0,495.0,2825.0,0.335,80.0,0.445704415
13.94315,1115.05685,107.0,111.2,3.21,1730.0,374.0,15699.0,5.0,373.0,3460.33,5.3,29.66620096,0.318107397
8.65469,770.34531,110.0,100.4,8.8,966.7296,366.444,11835.0,6.79,485.0,2922.0,4.410583807,0.0,15.173898
4.48775,354.53225,147.0,94.62016179,0.735,1499.0,121.525,8969.0,10.0,500.0,3166.0,21.15,30.0,1.533428325
15.91022,265.08978,103.0,96.91370767,17.319606640000035,977.0,201.54,9304.0,10.0,563.0,3192.63,7.07,32.66666667,0.602881137
41.2022,1177.7978,126.0,111.2,3.78,1549.0,387.0,12240.0,5.0,354.0,4100.0,3.44,30.98227037,8.331671657
41.050815,762.449185,83.0,107.3131368,4.98,1061.0,233.8,14424.0,10.0,582.0,3024.49,1.54,0.0,15.15291666
134.7322495506841,506.41176,70.0,104.0,10.5,807.0,294.0,11700.0,15.4,546.0,2112.29,1.18,35.22501042,5.599316109
22.48125,696.91875,0.0,113.0,0.0,1147.0,298.0,11160.0,6.5,427.0,3748.79,0.15,26.41772729,0.561987663
63.515064,721.784936,140.0,95.0,2.8476,470.0,169.1,10026.0,4.0,737.0,3903.82,3.900203796,28.35914681,9.993
16.458739,444.441261,120.0,105.8,1.2,2120.0,252.0,11355.0,5.0,230.0,3347.0,3.5,0.0,1.481328156
40.97442,793.02558,160.0,104.0,0.8,1235.0,428.0,10615.0,5.0,410.0,3543.33,5.114075379,80.0,10.62057217
11.594496,183.205504,130.0,86.0,6.5,1420.0,258.0,14065.0,5.0,200.0,3064.0,0.0029700999999999374,60.0,5.345095087
56.4933129,152.5166871,128.0,95.0,4.992,1061.0,435.85,14783.0,10.0,797.2277740000007,2374.9,1.114,6.885254703,0.370435335
80.8874613,882.4025387,92.0,102.1706203,3.1498,997.4747781,302.691477,10526.99752,6.618233074,474.4779546,2965.17,3.867682875,100.0,7.403411859
14.3246977,844.9853023,99.0,104.0,1.089,928.0,196.0,9750.0,6.9,352.0,3466.48,3.7,0.0,15.32064581
19.78172,1464.21828,111.0,104.0,4.44,1097.0,276.0,10653.0,5.0,531.0,2435.0,4.8,90.0,1.554351374
13.044,286.956,131.0,94.57687663,3.93,2207.0,234.86,10679.0,10.0,519.0,3322.38,9.59,40.0,1.283122275
44.34438,1108.65562,129.0,89.6,1.935,1723.354,315.965,10723.0,5.0,385.0,3505.1,0.518002807,100.0,9.40210334
9.87156,143.12844,0.0,95.0,0.0,1018.0,245.5,11149.0,10.0,431.72,3210.26,11.6,26.67386367,0.080260989
81.7432,1923.0484929349507,150.0,100.4,1.5,1400.0,574.0,8834.0,13.6,335.0,3807.02,2.19,90.0,15.53356113
64.136691,721.563309,128.0,100.4,1.28,1430.0,380.0,11227.0,5.0,381.0,3961.0,6.1,59.18285307,9.974748165
3.65976,659.34024,115.0,97.57824353,2.875,1287.0,191.66,11360.0,10.0,461.0,3132.2,36.68,60.0,14.89235489
23.84298,776.25702,80.0,102.5917391,2.7034,1106.30251,318.8494378,10347.10275,5.781118143,409.6899292,3235.0,4.265471535,120.0,9.690827476
90.714,1072.286,75.0,95.0,3.0,1230.0,236.6,9515.0,10.0,632.52,2867.0,12.89,32.72764851,14.88096448
39.15918,1673.84082,109.0,111.2,3.379,1026.0,272.0,8839.0,5.0,460.0,3546.32,12.3,85.11410042,9.317483256
5.916035,345.183965,83.0,100.4,8.3,845.8884,427.3155,14670.0,5.37,625.0,1992.0,18.16349699,0.0,15.22545507
26.48439,900.51561,139.0,104.0,11.12,975.0,243.0,10246.0,5.0,502.0,2890.0,5.3,70.0,11.62373167
34.819744,696.380256,100.0,96.53984484,6.0,1499.0,229.3,8580.0,10.0,570.0,3237.16,9.3,39.7684496,3.172
69.8344752,1815.545525,0.0,99.14,0.0,930.7,861.7446757925009,9178.0,1.0,537.68,2407.7,9.78,41.82343206,0.935
34.07535,846.42465,86.0,95.0,2.456,1055.0,239.9,10529.0,10.0,522.08,3324.43,6.38,35.18937827,0.038179707
134.7322495506841,601.342884,167.0,92.82667793,10.02,1914.0,302.5,14065.0,18.42,797.2277740000007,2469.54,10.43,11.17306012,0.180546916
61.9698,1012.0302,105.0,91.4,3.15,1202.34,473.9475,9549.0,5.0,425.0,3195.58,8.186504624,39.2759014,7.903308153
68.6,617.4,111.0,94.46,2.7453,950.7,199.1,11012.0,10.02,445.5,3215.62,5.14,27.95080967,0.005
56.307,1313.693,71.0,91.4,3.55,1162.262,826.37,9013.0,5.0,530.0,2808.87,0.781572716,47.67719726,15.31667835
21.85218,358.84782,43.0,104.0,1.72,861.677,315.965,9979.0,5.2,589.0,2535.0,0.626,50.0,7.84639455
60.23125,227.26875,90.0,95.0,0.6935,1045.0,196.5,13093.0,48.45274896636758,424.0,3810.0,5.862974426,15.98653752,0.333
11.91496,864.18504,75.0,106.0005213,1.875,194.8,207.34,11914.0,10.0,407.0,3627.0,2.55,65.0,9.854677477
52.83675,866.06325,171.0,96.22872798,3.42,92.50937214999998,200.35,8748.0,10.7,597.0,2839.0,23.28,36.53215884,13.55047975
16.6313304,382.4886696,109.0,104.0,8.72,1024.0,373.0,9686.0,5.0,307.0,3696.6,4.0,0.0,0.572822444
63.80829,1367.19171,58.0,104.0,1.16,1058.0,321.0,9910.0,10.5,683.0,2538.0,6.6,37.64422205,14.36180433
101.67411,454.22589,104.0,97.52,1.8038,1404.1,268.9,10449.0,1.66,465.3,3782.0,30.5,28.28078206,9.232
114.9550396,1001.00496,93.0,113.0,4.65,715.3923,347.0754,10223.0,11.3,192.0,3177.0,14.19798845,28.22629589,15.57842134
15.30793,467.59207,133.0,104.0,10.64,1290.0,321.0,9324.0,5.0,609.0,2608.0,3.41,18.66666667,0.55452765
6.6033,92.3967,133.0,100.4,6.65,961.872,729.15,8236.0,5.0,650.0,3081.55,0.499420609,88.90449371,9.97358484
12.6092,567.3908,0.0,107.6,0.0,921.794,243.05,11729.0,5.0,501.0,3237.16,8.67,60.0,2.429912809
0.0,199.3,158.0,95.0,0.472,690.0,146.1,10155.0,48.45274896636758,364.0,3924.0,5.882660609,30.04102738,0.297
48.28608,1279.71392,132.0,104.0,1.452,1150.0,196.0,11700.0,7.5,348.0,3659.27,2.26,0.0,15.12187929
23.06231,276.83769,118.0,99.07635291,11.8,92.50937214999998,259.0,9109.0,10.3,564.0,3050.44,4.0,25.90541185,0.159664163
40.180212,826.519788,42.0,96.8,6.72,1024.0,397.0,10394.0,5.0,522.0,2687.05,4.1,70.0,0.552455424
37.35321,289.64679,50.0,107.6,0.5,1465.0,384.0,11306.0,5.54,530.0,3461.91,6.5,0.0,1.140553134
13.485318,593.414682,117.0,93.2,11.7,1086.0,289.0,10743.0,5.0,500.0,2425.0,4.38,38.2477252,0.793397274
17.943068,1434.936932,133.0,113.0,6.65,921.794,194.44,8820.0,5.0,474.0,2631.2,3.76,90.0,5.706910121
30.3183,856.1817,122.0,95.0,9.76,1021.989,571.1675,11114.0,5.0,455.0,2888.76,0.444565958,110.0,1.255768894
31.872123,721.427877,180.0,109.4,0.0,1954.0,278.0,12239.0,23.9,681.0,2874.56,1.64,0.0,0.593944199
67.23944,1344.76056,91.0,98.6,3.64,961.872,595.4725,10334.0,5.0,500.0,2960.21,5.06707374,0.0,15.35862178
27.397808,767.202192,121.0,93.2,10.89,1162.262,510.405,9203.0,5.0,555.0,2839.0,8.267968983,130.0,0.803478949
0.0,845.93,124.0,105.8,17.319606640000035,1289.0,378.0,11838.0,5.0,614.0,2922.0,0.28,26.10121326,1.460888174
12.77014,945.22986,102.0,114.8,6.12,1162.262,303.8125,9686.0,6.5,507.0,2762.4,0.522,0.0,15.42162166
32.6527815,308.2972185,116.0,95.0,3.016,2653.0,184.2,13180.0,10.0,391.56,3355.0,6.3,22.61613153,1.291563869
29.7388,1174.2612,56.0,107.6,3.36,1066.0,309.0,10279.0,5.0,550.0,3128.54,2.9,110.0,15.57853622
15.22286,1126.77714,130.0,109.4,5.2,988.0,399.0,7058.0,7.0,394.0,2989.4,2.67,94.45676925,15.45344523
80.93019,1052.06981,143.0,99.69876695,11.44,3111.0,285.4,15369.0,10.0,797.2277740000007,2318.19,12.87,19.50206908,14.78463069
30.8363,1036.1637,115.0,96.08,4.1059,998.0,134.3,7587.0,4.73,569.3,3117.64,6.37,42.75127184,0.63
63.9,1001.1,49.0,100.4,1.813,1235.0,451.0,10521.0,5.0,459.0,3161.26,1.121561326,130.0,15.34411375
23.279382,272.820618,135.0,93.2,17.319606640000035,1721.0,248.0,12732.0,5.51,502.0,2942.0,10.7,39.5660125,0.59098928
24.0218472,411.7881528,0.0,95.0,0.0,1061.0,250.4,11149.0,10.0,532.12,3665.39,12.52,30.81509903,0.88
64.18974,1604.81026,116.0,107.6,5.8,921.794,267.355,9392.0,5.0,493.0,2753.0,8.23,0.0,0.779038524
22.39055,1790.60945,84.0,98.95921994,2.52,1122.5,204.68,11360.0,10.0,516.0,2638.62,9.62,0.0,13.62248149
22.875,1197.125,67.0,95.0,2.077,1376.0,282.5,9290.0,10.0,522.08,2853.53,13.2,40.84145159,9.803852531
10.653866,149.146134,167.0,105.5066219,0.835,369.0,166.2,14225.0,48.45274896636758,266.0,4063.0,0.93,0.0,1.405324397
23.02107,770.80893,180.0,95.0,2.7,1442.808,291.66,8193.0,5.0,555.0,3563.06,0.454,38.33869197,8.233367934
60.33265,720.16735,102.0,95.0,2.1599,1443.0,325.7,13742.0,10.0,401.6,4300.370038970001,11.23,34.60898828,1.058256006
126.3712,57.6288,202.9108970000001,114.8,4.06,2706.0,208.0,25470.21228500006,8.1,155.0,4300.370038970001,4.315185943,0.0,1.259650527
54.87768,756.92232,131.0,99.57312645,13.1,1094.0,229.7,11480.0,10.0,454.0,3369.17,4.98,33.47126383,0.281224551
43.90586,1317.09414,52.0,95.0,1.56,2745.343,340.27,13400.0,5.0,385.0,3789.64,0.85,0.0,6.880743202
21.0664989,642.8635011,170.0,104.0,3.4,900.0,230.0,8297.0,5.61,405.0,2949.48,10.65961501,37.41631819,1.860029965
134.7322495506841,337.856538,202.9108970000001,98.38626378,1.185,1173.0,542.5,14607.0,10.0,535.0,2374.11,3.25,9.482056638,0.206894994
64.3552,408.8448,155.0,95.0,6.2,2332.0,348.0,13545.0,10.0,422.3,4080.19,5.0,16.97823401,0.2
22.2518,1124.7482,85.0,104.0,6.8,902.0,241.0,7868.0,5.0,710.0,1992.0,1.22,41.60892068,2.200703903
8.091,921.909,90.0,104.0,5.4,1343.0,243.0,11340.0,5.8,428.0,2675.82,0.86,80.0,15.50063858
20.47565,688.02435,139.0,120.2,8.34,1029.0,374.0,7058.0,5.19,463.0,2979.09,0.4,0.0,1.616632232
11.88873,155.11127,177.0,96.8,1.77,1024.0,322.0,8853.0,5.0,336.0,4064.6,23.8,0.0,1.097407209
12.57858,300.32142,84.0,114.8,0.84,861.677,291.66,10414.0,5.0,444.0,3676.96,0.462,97.58996639,5.567486995
103.07295,1923.0484929349507,84.0,95.0,2.52,607.0,168.9,8305.0,10.0,576.8,2638.62,6.3,42.2049701,1.06711276
34.55397,466.44603,88.0,122.0,5.28,92.50937214999998,196.8,8555.0,10.0,642.56,2832.44,21.19,37.41358658,9.324
